day;quiz
1;New Beginnings
2;Odd one out
3;Light and shadow
4;Yellow
5;Grass up close
6;Fork
7;Distant
8;Street food
9;Fallen leaves
10;Marble
11;Hot
12;A bird
13;Busy streets
14;Fruit
15;Happiness
16;Your country's colors
17;Crazy
18;Craft
19;A street musician
20;The sun through leaves
21;Fertility
22;Spiderweb
23;Your fridge interior
24;Public transportation
25;Roots
26;Cozy spaces
27;Reflections
28;Connections
29;Velvet
30;Jump
31;Earth tones
32;Under construction
33;Stains
34;Fashion
35;A corner store
36;Energy
37;Disgust
38;Orange
39;A rusty bicycle
40;Safe
41;A fountain
42;Perfectly aligned
43;Noise
44;Wood
45;Love
46;Abandoned
47;Twin
48;Tension
49;Knowledge
50;A hand gesture
51;Light leaks
52;Overlapping
53;Traffic lights
54;Gathering
55;A tree's texture
56;A decorative object
57;Daily routine
58;A crack in the sidewalk
59;Risk
60;People walking
61;Something vintage
62;Weakness
63;Tangled
64;Greed
65;Wrath
66;Envy
67;Lust
68;Pride
69;Gluttony
70;Sloth
71;Urban landscapes
72;With flash
73;Majestic
74;A palmtree
75;A quiet library corner
76;Green
77;A light fixture
78;Shadows on pavement
79;Close-up
80;Shame
81;Only mine
82;Out of the box
83;Hands
84;Sidewalk tiles
85;Clock
86;Guess my city
87;Steam
88;Alone
89;A place you call home
90;A street lamp
91;Your nearest park
92;An old store
93;Color explosion
94;Strength
95;Square
96;Waiting
97;Eyes
98;Guilty pleasure
99;Exit
100;UFO
101;Rust
102;Street life
103;Gold
104;A reflection in a puddle
105;Darkness
106;Urban nature
107;Heights
108;Knot
109;Glass
110;Chill out
111;An old building detail
112;Curious
113;Passion
114;Local wildlife
115;Circles
116;Leaves
117;Your walls
118;Harmony
119;Money
120;A sculpture in a park
121;Work
122;Something crooked
123;Faith
124;Match
125;Lines
126;Quiet moments
127;Symmetry
128;Broken
129;Nature
130;Radiant
131;An abandoned shoe
132;Past times
133;A ritual
134;Struggle
135;Contrasts
136;A reflection in a window
137;A cat lounging in the sun
138;Balance
139;Triangles
140;Pure
141;An old car
142;Inspiring
143;A local street vendor
144;Negative space
145;Trees
146;Sadness
147;A handmade craft project
148;A colorful mural
149;Willpower
150;Peace
151;A vintage postcard
152;Sunglasses
153;A feather
154;Opposites
155;Focus
156;Education
157;Self-portrait
158;Graffiti
159;A tree's shadow
160;Spoon
161;Your bedside table
162;TBD
163;TBD
164;TBD
165;TBD
166;TBD
167;TBD
168;TBD
169;TBD
170;TBD
171;TBD
172;Solstice
173;TBD
174;TBD
175;TBD
176;TBD
177;TBD
178;TBD
179;TBD
180;TBD
181;TBD
182;TBD
183;TBD
184;TBD
185;TBD
186;TBD
187;TBD
188;TBD
189;TBD
190;TBD
191;TBD
192;TBD
193;TBD
194;TBD
195;TBD
196;TBD
197;TBD
198;TBD
199;TBD
200;TBD
201;Friends
202;TBD
203;TBD
204;TBD
205;TBD
206;TBD
207;TBD
208;TBD
209;TBD
210;TBD
211;TBD
212;TBD
213;TBD
214;TBD
215;TBD
216;TBD
217;TBD
218;TBD
219;TBD
220;TBD
221;TBD
222;TBD
223;TBD
224;TBD
225;TBD
226;TBD
227;TBD
228;TBD
229;TBD
230;TBD
231;TBD
232;TBD
233;TBD
234;TBD
235;TBD
236;TBD
237;TBD
238;TBD
239;TBD
240;TBD
241;TBD
242;TBD
243;TBD
244;TBD
245;TBD
246;TBD
247;TBD
248;TBD
249;TBD
250;TBD
251;TBD
252;TBD
253;TBD
254;TBD
255;TBD
256;TBD
257;TBD
258;TBD
259;TBD
260;TBD
261;TBD
262;TBD
263;TBD
264;Equinox
265;TBD
266;TBD
267;TBD
268;TBD
269;TBD
270;TBD
271;TBD
272;TBD
273;TBD
274;TBD
275;TBD
276;Patterns
277;A street sign
278;Blue
279;Moving cars
280;Colorful door
281;Paper
282;Simple pleasure
283;A foreign flag
284;Minimalism
285;Your reflection
286;Unfinished
287;Water
288;Something sweet
289;Power
290;Silhouettes
291;Urban jungle
292;Unusual angles
293;Your sky
294;A door handle
295;Bubbles
296;Vintage tech
297;Growth
298;Skin
299;A black cat
300;Guilt
301;Curves
302;Fire
303;A bottle
304;Something That Scares You
305;Screens
306;Death
307;Numbers
308;Street style
309;Red
310;A clock tower
311;Furry friend
312;Slow
313;Flowers
314;Windows
315;Food
316;The texture of a wall
317;Sidewalk plants
318;Books
319;Inside your bag
320;Intense
321;A garden gnome
322;Mistery
323;Leather
324;Together
325;Your kitchen
326;Clouds
327;Cool
328;A mailbox
329;Steps
330;Shining
331;Favorite color
332;Thankful about
333;Keys
334;Best view
335;Wires and cables
336;Speed
337;Appearances
338;Brickwork
339;Branches
340;A grocery cart
341;Motion
342;A corner of your home
343;Rule of thirds
344;A lonely window
345;Wrinkles on fabric
346;Plants
347;Play
348;Local landmark
349;Horns
350;Fluffy
351;Infinity
352;Tools
353;Wet
354;Zebra crossing
355;Stacked objects
356;A window view
357;Concrete
358;A cat sleeping in a window
359;Christmas
360;Distortion
361;Messy hair
362;Wheels
363;Shout
364;Your shadow
365;Endings